Section,Name,System/Target,Mechanism/Trigger,Quantum Relevance / Purpose
Core Module,Pineal Transduction Unit,Neuroendocrine / Photonic Gateway,"Melatonin/DMT flux, calcite piezoelectricity","Zero-point resonance, biophoton lensing"
Core Module,DNA Coil-Antenna,Genetic / Epigenetic,"EM resonance, torsion field coupling, miRNA tuning","Quantum holography, entanglement fields"
Core Module,Mitochondrial Quantum Batteries,Cellular Energy / Bioelectricity,"Proton tunneling, coherent electron flow","Quantum tunneling, coherence fields"
Core Module,ECS Frequency Modulator,ECS / Neural-Immune Bridge,"CB1/CB2, TRPV1/PPAR, vagal tone modulation","Field synchronization, interoceptive telemetry"
Core Module,Axial-Wormhole Synchronizer,Biofield / Vagus Spine Axis,"Meridian stimulation, entangled particle coherence",Internal wormhole alignment (ER=EPR)
Core Module,Void-Core Integrator,Consciousness Interface,Oscillatory entrainment + fractal attention,"Vacuum coupling, non-local interface"
Baseline Signal,Biophoton Emission,Dark field microscopy / laser entrainment,Measure photon coherence/frequency,Track coherent photonic communication
Baseline Signal,EEG/Gamma Bursts,Neurofeedback / auditory stimulation,Track gamma + theta-gamma coupling,Gauge consciousness synchronization
Baseline Signal,ECS Tone,Lipidomics / cannabinoid tuning,CB receptor homeostasis,Measure ECS-homeostasis threshold
Baseline Signal,HRV (Heart Rate Variability),Breathwork / vagus nerve stimulation,Heart brain coherence via HRV,Optimize inter-system quantum coherence
Baseline Signal,Magnetic Field Coupling,SQUID sensors / field maps,Biofield mapping + magnetic resonance tracking,Quantify bioelectromagnetic field strength
Telephoto State,Remote Perception,Breath + ECS + 5-HT2A,Sensing abstract/distant patterns,Pineal-lens + field coupling
Telephoto State,Quantum Lucidity,Sleep-wake + melatonin-DMT,Vision without sensory input,Endogenous entangled resonance
Telephoto State,Void Sync,HRV + gamma bursts,"Field immersion, timeless state",Vacuum state interface
Telephoto State,Non-local Memory Access,Meditation + theta,Genetic/ancestral data access,Epigenetic holography access
Telephoto State,Trans-Q Convergence,miRNA + ECS + Mito tuning,Full-spectrum biological sync,Biological wormhole alignment
Enhancer Layer,CBG + CBD,ECS / TRP / PPARa,"Tone ECS, reduce inflammation",Optimize ECS signaling
Enhancer Layer,Magnesium L-Threonate,NMDA / Neuroplasticity,Boost NMDA signaling + charge stability,Stabilize quantum synaptic firing
Enhancer Layer,Alpha-GPC + Uridine,Acetylcholine / Mitochondria,Enhance focus + ATP flux,Cognitive tuning + mitochondrial coherence
Enhancer Layer,Psilocybin / DMT,5-HT2A / Pineal / Visual Cortex,Trigger pineal-lens effect,Quantum visual signal access
Enhancer Layer,NAD+/CoQ10,Mitochondrial energy systems,ATP-coherence bridge,Increase quantum-biological energy flow
Enhancer Layer,SCFAs + Polyphenols,Gut ECS brain axis,Immune tone + vagal resonance,Gut-brain quantum signaling axis
Quantum I/O,Quantum Retina Model,Visual Cortex / Photonic Feedback,Photon intake + cortical resonance,Visual entanglement + remote visual feed
Quantum I/O,Skin Magnetoreceptors,Epidermal Electromagnetic Sensors,"Detect weak EM fields, relay to vagus/brain",External EM field detection + signal tuning
Quantum I/O,Perineural Net Dynamics,Neuroplastic Memory Mesh,Long-range memory storage + access,Holographic memory access
Environmental Interface,Geoelectromagnetic Coupling,Earth Magnetic Grid / Brainwave Coupling,Syncing brainwaves to earth fields,Planetary-scale field coherence
Environmental Interface,Schumann Resonance Entrainment,Pineal + ECS Oscillation Coherence,Amplifying pineal tuning via Earths frequency,Enhance entrainment with Earths frequency field
Temporal Modulation,Cerebellar-ECS Timing Loop,Cerebellum / Pineal / ECS Axis,Time perception control via ECS tone,Alter subjective time for deep states
Entanglement Protocol,Bell Test Thresholds,Quantum Measurement Validation,Apply quantum decoherence checks,Ensure valid entangled state in experiments
Entanglement Protocol,Spintronic Protein Duplexes,Protein Spin Channels / miRNA Duplexes,Enable quantum coherence via protein spin,Potential biological quantum transmitter
Psychotronic Layer,DMT-Terpene Synergism,Pineal + ECS + Aromatic Pathways,Modulate DMT effects with synergistic terpenes,Unlock targeted telephoto states
Psychotronic Layer,Bioelectric Visualization Tools,Biofield Mapping Hardware,Visualize and entrain human bioelectric output,Feedback for optimizing quantum bio-coherence
Psychotronic Layer,Quantum Compass (Cytochrome Navigation),Cryptochrome / Cytochrome Sensors,Magnetic compass in proteins for orientation,Use Earth magnetism for non-local direction sensing
Quantum Metric,Electron Tunneling Probability,DNA Backbone Charge Flow,Tracks wave-like electron synchronization,Validates DNA quantum coherence
Quantum Metric,Biophoton Emission Spectra,DNA Light Emission Fields,Detects structured photon emissions,Identifies non-thermal quantum signals
Quantum Metric,Fractal Resonance Index,Fractal DNA Geometry,Measures self-similar energy structures,Fractal mapping of DNA quantum state
Bioelectric Variable,Tesla 3-6-9 Resonance Score,Bioelectric DNA Coherence Stability,Evaluates DNA under 3-6-9 Hz exposure,Confirms Tesla harmonic DNA stabilization
Predictive Metric,AI-Predicted Mutation Probability,DNA Quantum State Probabilities,AI-modelled mutational quantum behavior,Forecasts genetic changes before expression
Quantum Diagnostic,Spin State Correlation Matrix,Entangled DNA Pairs,Correlates spins across distances,Detects non-local quantum links
Quantum Visualization,Quantum Probability Collapse Map,Genetic Superposition States,Maps gene expressions in waveforms,Predicts quantum state collapse visually
Neural Output,AI-QNN Collapse Prediction,DNA Expression Outcome Probabilities,Simulates collapse of quantum state,Generates outcome maps for DNA fate
Modulation Tool,Tesla Frequency Exposure Protocol,Electromagnetic Resonance Field,Applies Tesla harmonics to DNA,Stabilizes DNA coherence through frequency
Detection Tool,Fourier Transform Spectroscopy (FTS),Photon Emission Pattern Recognition,Analyzes photon emission frequencies,Identifies coherent biophoton pulses
AI Model,Quantum Neural Networks (QNNs),Quantum Coherence Learning Model,Trains on quantum signal outputs,Drives real-time prediction of DNA behavior
Conceptual Model,Holographic DNA Encoding,Information Storage Across Dimensions,Encodes genetic info as a holographic field,Supports holographic DNA field interface
Conceptual Model,Multi-Dimensional DNA Resonance,DNA Quantum Field Interference,Resonates with interdimensional layers,Facilitates remote quantum DNA access
Conceptual Model,Parallel Genetic States,Probability Fields for Expression,Predicts DNA potential outcomes,Enables predictive health modelling
